Date,Instagram_Minutes,YouTube_Minutes,WhatsApp_Minutes,LinkedIn_Minutes,Reels_Watched,Videos_Watched,Messages_Sent,Posts_Liked,Study_Minutes
2026-08-23,167,200,176,26,200,86,480,124,175
2026-08-24,132,26,43,52,139,4,67,58,237
2026-08-25,38,96,83,64,23,32,131,11,281
2026-08-26,23,131,75,58,23,23,205,5,141
2026-08-27,149,17,58,64,119,6,115,70,228
2026-08-28,106,96,91,44,122,24,145,73,147
2026-08-29,187,215,119,27,150,58,266,37,129
2026-08-30,189,101,166,2,137,24,424,88,164
2026-08-31,88,119,133,9,105,49,428,40,126
2026-09-01,163,87,47,18,210,15,115,102,347
2026-09-02,85,190,119,52,80,33,371,53,115
2026-09-03,118,61,121,64,157,21,278,61,111
2026-09-04,173,29,32,48,138,12,92,50,219
2026-09-05,210,246,11,12,280,46,25,131,36
2026-09-06,215,127,37,6,284,55,76,141,61
2026-09-07,64,178,69,30,67,47,239,29,125
2026-09-08,143,79,146,65,128,31,240,52,266
2026-09-09,75,113,134,42,104,40,381,46,115
2026-09-10,130,99,110,32,131,27,198,34,300
2026-09-11,121,210,20,57,146,58,60,81,205
2026-09-12,158,94,59,14,147,39,189,34,42
2026-09-13,188,191,134,4,159,32,316,60,153
2026-09-14,68,45,103,20,71,7,155,31,103
2026-09-15,103,158,159,43,68,54,345,25,186
2026-09-16,156,60,48,29,162,17,87,72,51
2026-09-17,70,189,169,71,62,48,447,38,241
2026-09-18,81,209,21,14,66,67,45,31,140
2026-09-19,99,153,22,10,84,52,74,46,28
2026-09-20,109,292,107,13,101,77,331,64,178
2026-09-21,137,119,94,45,188,37,219,121,158
